OrderID,Date,Status,PaymentID
0591-0783,3/8/2023,On way,P07
68094-761,2/26/2023,On way,P11
59630-950,3/5/2023,Delivered,P05
65174-880,3/11/2023,On way,P01
31722-214,3/8/2023,Delivered,P50
59779-046,3/18/2023,On way,P55
63629-1706,3/15/2023,Delivered,P77
63323-462,2/28/2023,On way,P116
68151-4504,2/27/2023,Delivered,P91
52125-448,2/22/2023,Delivered,P98
36987-1955,3/6/2023,Delivered,P107
61957-1440,3/15/2023,On way,P120
0615-7738,3/1/2023,On way,P143
49643-438,3/11/2023,On way,P221
55154-5066,3/1/2023,Delivered,P03
24286-1526,3/2/2023,On way,P61
49967-700,2/19/2023,On way,P62
0096-0737,3/18/2023,Delivered,P63
0955-1006,3/17/2023,On way,P64
62802-646,3/15/2023,Delivered,P65
68788-9896,2/27/2023,Delivered,P83
21695-564,3/4/2023,On way,P87
46708-034,2/21/2023,Delivered,P88
64117-236,3/12/2023,On way,P92
0363-0707,3/14/2023,Delivered,P101
51393-4001,2/25/2023,Delivered,P105
59667-0075,3/5/2023,Delivered,P104
45567-0555,3/2/2023,Delivered,P201
0067-6066,2/23/2023,Delivered,P202
0074-6215,3/3/2023,On way,P31
41520-479,3/5/2023,Delivered,P33
57896-424,2/24/2023,On way,P34
51138-035,3/16/2023,On way,P36
54868-5291,3/17/2023,On way,P38
21695-461,2/27/2023,On way,P40
43419-903,3/17/2023,On way,P41
54868-4780,3/12/2023,On way,P43
42821-001,3/1/2023,On way,P45
54218-600,3/6/2023,Delivered,P47
59762-0278,3/6/2023,On way,P48
55154-2388,3/10/2023,Delivered,P49
58443-0015,2/19/2023,Delivered,P51
59762-5012,2/25/2023,Delivered,P250
55289-624,2/27/2023,On way,P241
36987-2195,3/18/2023,Delivered,P242
0378-6203,3/16/2023,Delivered,P247
54575-190,3/5/2023,On way,P71
64679-743,3/1/2023,On way,P72
61314-225,3/6/2023,On way,P74
49288-0828,3/10/2023,Delivered,P75
49349-381,3/7/2023,Delivered,P78
16590-301,3/5/2023,On way,P161
49999-879,3/2/2023,On way,P165
60429-234,2/28/2023,On way,P169
70253-128,2/26/2023,Delivered,P170
57344-160,3/5/2023,On way,P181
0004-6203,2/22/2023,Delivered,P184
57913-2869,2/26/2023,On way,P186
43478-273,3/4/2023,On way,P188
51514-0331,3/12/2023,Delivered,P189
58411-220,2/20/2023,On way,P222
36987-2433,2/23/2023,On way,P111
60760-082,3/18/2023,Delivered,P230
64809-100,3/15/2023,On way,P231
51096-0005,2/27/2023,Delivered,P233
59088-120,3/8/2023,Delivered,P237
53329-055,3/18/2023,On way,P234
0065-0741,4/8/2023,Delivered,P239
40042-052,3/18/2023,On way,P99
44577-711,3/8/2023,Delivered,P100
64117-303,3/18/2023,On way,P200
49715-007,2/22/2023,Delivered,P10
0187-0938,3/18/2023,On way,P20
62742-4037,02-29-2023,Delivered,P117
54868-5816,3/13/2023,On way,P121
55289-176,2/20/2023,Delivered,P217
41250-647,3/10/2023,On way,P69
